"name","code"
"1-Decanol","C01633"
"1-Naphthaleneacetic acid sodium salt","C18534"
"1-Naphthylacetic acid","C13014"
"1,2-Dichloropropane","C19034"
"1,3-Dichloropropene","C18627"
"1,4-Dichlorobenzene","C07092"
"2-(Octylthio)ethanol","C18863"
"2-Hydroxybiphenyl","C02499"
"2-Methyl-4-chlorophenoxybutyric acid","C18529"
"2-Napthyloxyacetic acid","C18750"
"2,3,6-TBA","C18767"
"2,4-DB","C14404"
"2,4-Dichlorophenoxyacetate","C03664"
"2,4-DP","C11020"
"2,4,5-Trichlorophenoxyacetic acid","C07100"
"4-Chlorophenoxyacetate","C07088"
"6-Benzylaminopurine","C11263"
"Acaricides",
"Acaricides",
"Acephate","C14426"
"Acequinocyl","C18535"
"Acetamiprid","C18507"
"Acetochlor","C10925"
"Acifluorfen","C22041"
"Acrinathrin","C18408"
"Acrolein","C01471"
"Acrylonitrile","C01998"
"Alachlor","C10928"
"Alanycarb","C18414"
"Aldicarb","C11015"
"Aldoxycarb","C18906"
"Aldrin","C07552"
"Aliphatic nitrogen fungicides",
"Allidochlor","C19043"
"Alloxydim","C18772"
"Allyl alcohol","C02001"
"alpha-Chlorohydrin","C18676"
"alpha-Cypermethrin","C18715"
"alpha-Naphthylacetamide","C18533"
"Ametryn","C18700"
"Amide fungicides",
"Amide fungicides",
"Amide herbicides",
"Amide herbicides",
"Amidithion","C18963"
"Aminocarb","C11071"
"Amisulbrom","C18581"
"Amitraz","C10995"
"Amitrole","C11261"
"Ammonium sulfamate","C18773"
"Amobam","C18449"
"Ancymidol","C18774"
"Anilazine","C18935"
"Anilide herbicides",
"Anilide herbicides",
"Anilofos","C18394"
"Anthraquinone","C16207"
"Antibiotic fungicides",
"Antibiotic fungicides",
"Antifeedants",
"ANTU","C19136"
"Aramite","C19019"
"Arsenical herbicides",
"Arsenical insecticides",
"Arsenous oxide","C13619"
"Asulam","C18350"
"Athidathion","C18964"
"Atraton","C19098"
"Atrazine","C06551"
"Auxins",
"Auxins",
"Azaconazole","C18701"
"Azamethiphos","C18702"
"Azimsulfuron","C18438"
"Azinphos-ethyl","C18644"
"Azinphos-methyl","C11018"
"Aziprotryne","C19099"
"Azocyclotin","C11092"
"Azothoate","C19020"
"Azoxystrobin","C18558"
"Barban","C19059"
"Benalaxyl","C10929"
"Benazolin","C18775"
"Bendiocarb","C14433"
"Benfluralin","C21273"
"Benfuracarb","C11073"
"Benfuresate","C18452"
"Benodanil","C18907"
"Benomyl","C10896"
"Benoxacor","C10964"
"Benquinox","C18924"
"Bensulfuron-methyl","C10937"
"Bensulide","C18703"
"Bensultap","C18563"
"Bentazone-sodium","C18594"
"Benthiavalicarb isopropyl","C18415"
"Benzobicyclon","C18536"
"Benzofenap","C18555"
"Benzoic acid herbicides",
"Benzoic acid herbicides",
"Benzoximate","C19021"
"Benzoylprop-ethyl","C19044"
"Benzthiazuron","C19058"
"BHC","C18738"
"Bialaphos","C06457"
"Bifenazate","C18589"
"Bifenox","C11066"
"Bifenthrin","C10980"
"Binapacryl","C19022"
"Bioallethrin","C14337"
"Bioresmethrin","C16810"
"Biphenyl","C06588"
"Bipyridinium herbicides",
"Bird repellent",
"Bispyribac","C10915"
"Bispyribac-sodium","C18453"
"Bisthiosemi","C19137"
"Bitertanol","C11258"
"Blasticidin S","C02010"
"Boscalid","C18547"
"Brodifacoum","C18694"
"Bromacil","C10911"
"Bromadiolone","C18596"
"Bromethalin","C18697"
"Bromobutide","C14568"
"Bromocyclen","C18958"
"Bromofenoxim","C19069"
"Bromofos","C18965"
"Bromophos-ethyl","C18966"
"Bromoxynil","C04178"
"Bromuconazole","C18704"
"Bronopol","C13034"
"Bufencarb","C18948"
"Bupirimate","C18776"
"Buprofezin","C10912"
"Butacarb","C18949"
"Butachlor","C10931"
"Butamifos","C11022"
"Butenachlor","C19045"
"Buthidazole","C19112"
"Buthiobate","C18930"
"Butocarboxim","C18645"
"Butopyronoxyl","C19142"
"Butoxycarboxim","C18646"
"Butralin","C18582"
"Butroxydim","C18705"
"Buturon","C19074"
"Butylamine","C18706"
"Cacodylate","C07308"
"Cadusafos","C18395"
"Cafenstrole","C18497"
"Calcium arsenate","C18647"
"Calcium carbimide","C19113"
"Calcium formate","C18586"
"Captafol","C18754"
"Captan","C14438"
"Carbamate fungicides",
"Carbamate fungicides",
"Carbamate insecticide",
"Carbamate insecticides",
"Carbamorph","C18923"
"Carbanilate herbicides",
"Carbanilate herbicides",
"Carbanolate","C18950"
"Carbaryl","C07491"
"Carbendazim","C10897"
"Carbetamide","C11075"
"Carbofuran","C14291"
"Carbon disulfide","C19033"
"Carbophenothion","C18968"
"Carbosulfan","C18416"
"Carboxin","C11255"
"Carfentrazone-ethyl","C11094"
"Carpropamid","C10932"
"Cartap","C11080"
"Chinomethionat","C14514"
"Chitin synthesis inhibitors",
"Chlomethoxyfen","C19066"
"Chloralose","C18707"
"Chloramben","C19056"
"Chloraniformethan","C18908"
"Chloranil","C18933"
"Chloranocryl","C19046"
"Chlorantraniliprole","C18454"
"Chlorbicyclen","C18959"
"Chlorbromuron","C11009"
"Chlorbufam","C19060"
"Chlordane","C14176"
"Chlordimeform","C14746"
"Chlorethoxyfos","C18677"
"Chlorfenac","C19114"
"Chlorfenapyr","C18455"
"Chlorfenethol","C19023"
"Chlorfenprop-methyl","C19115"
"Chlorfenson","C19024"
"Chlorfensulphide","C19025"
"Chlorfenvinphos","C18654"
"Chlorfluazuron","C18426"
"Chloridazon","C18570"
"Chlorimuron","C18777"
"Chlorimuron-ethyl","C10943"
"Chlormephos","C18686"
"Chlormequat","C18585"
"Chlornitrofen","C11063"
"Chloroacetic acid","C06755"
"Chlorobenside","C14584"
"Chlorobenzilate","C14574"
"Chloromebuform","C19037"
"Chloromethiuron","C19026"
"Chloroneb","C11252"
"Chlorophacinone","C18514"
"Chloropicrin","C18445"
"Chloropropylate","C19027"
"Chlorothalonil","C11037"
"Chlorotoluron","C18817"
"Chloroxuron","C19075"
"Chlorphonium chloride","C18708"
"Chlorphoxim","C18969"
"Chlorpropham","C14506"
"Chlorpyrifos","C14322"
"Chlorpyrifos-methyl","C14520"
"Chlorquinox","C18936"
"Chlorsulfuron","C05071"
"Chlorthiamid","C11041"
"Chlorthiophos","C18970"
"Chlozolinate","C10979"
"Choline","C00114"
"Chromafenozide","C18515"
"Cinmethylin","C10903"
"Cinosulfuron","C18818"
"Clethodim","C18609"
"Cloethocarb","C18951"
"Clofentezine","C18576"
"Clofop","C19070"
"Clomazone","C11095"
"Clomeprop","C18531"
"Clopyralid","C18779"
"Cloransulam-methyl","C10907"
"Clothianidin","C18508"
"Cloxyfonac-sodium","C18819"
"Conazole fungicides",
"Conazole fungicides",
"Copper fungicides",
"Copper hydroxide","C18712"
"Copper sulfate","C18713"
"Coumachlor","C16805"
"Coumafuryl","C18599"
"Coumaphos","C11025"
"Coumarin rodenticides",
"Coumarin rodenticides",
"Coumatetralyl","C16806"
"Credazine","C19116"
"Crimidine","C19138"
"Crotoxyphos","C18971"
"Crufomate","C18972"
"Cryolite","C18816"
"Cumyluron","C18425"
"Cuprous oxide","C18714"
"Cyanamide","C01566"
"Cyanazine","C14299"
"Cyanofenphos","C18973"
"Cyanophos","C18397"
"Cyanthoate","C18974"
"Cyazofamid","C18573"
"Cycloate","C18780"
"Cyclohexene oxime herbicides",
"Cycloheximide","C06685"
"Cycloprothrin","C18409"
"Cyclosulfamuron","C18439"
"Cycloxydim","C10913"
"Cycluron","C19109"
"Cyenopyrafen","C18545"
"Cyflufenamid","C18516"
"Cyflumetofen","C18517"
"Cyfluthrin","C10982"
"Cyhalofop-butyl","C18607"
"Cyhalothrin","C10983"
"Cyhexatin","C11093"
"Cymoxanil","C18498"
"Cyometrinil","C19117"
"Cypendazole","C18917"
"Cypermethrin","C10984"
"Cyphenothrin","C12962"
"Cyproconazole","C18456"
"Cyprodinil","C10914"
"Cyprofuram","C18909"
"Cypromid","C19049"
"Cyromazine","C14147"
"Cytokinins",
"Dacthal","C14744"
"Daimuron","C18427"
"Dalapon","C18600"
"Daminozide","C10996"
"Dazomet","C18457"
"DDT","C04623"
"Delachlor","C19050"
"Deltamethrin","C10985"
"Demephion-O","C18975"
"Demeton-O","C18977"
"Demeton-S","C18978"
"Demeton-S-methyl","C18655"
"Demeton-S-methylsulphon","C18979"
"Desmedipham","C18417"
"Desmetryn","C19100"
"Diafenthiuron","C18781"
"Dialifor","C19028"
"Diallat","C19094"
"Diamidafos","C19035"
"Diazinon","C14324"
"Dibutyl phthalate","C14214"
"Dibutyl succinate","C19143"
"Dicamba","C18597"
"Dicarboximide fungicides",
"Dicarboximide fungicides",
"Dichlobenil","C11040"
"Dichlofenthion","C18398"
"Dichlofluanid","C18820"
"Dichloran","C11000"
"Dichlormid","C18782"
"Dichlorophen","C14292"
"Dichlorvos","C14430"
"Dichlozoline","C18928"
"Diclobutrazol","C11235"
"Diclocymet","C18518"
"Diclofop","C18716"
"Diclomezine","C18458"
"Diclosulam","C18821"
"Dicofol","C14301"
"Dicrotophos","C18656"
"Dieldrin","C13718"
"Dienochlor","C18446"
"Diethatyl-ethyl","C19051"
"Diethofencarb","C11077"
"Difenacoum","C16807"
"Difenoconazole","C18459"
"Difenoxuron","C19076"
"Difenzoquat","C18717"
"Difethialone","C18695"
"Diflubenzuron","C14427"
"Diflufenican","C18549"
"Dikegulac","C18825"
"Dimefox","C18980"
"Dimefuron","C18783"
"Dimepiperate","C14571"
"Dimethachlor","C18718"
"Dimethametryn","C18537"
"Dimethenamid","C18499"
"Dimethipin","C18719"
"Dimethirimol","C18784"
"Dimethoate","C14326"
"Dimethomorph","C18583"
"Dimethyl phthalate","C11233"
"Dimexano","C19118"
"Dinex","C19038"
"Diniconazole","C18720"
"Dinitramine","C18785"
"Dinitroaniline herbicides",
"Dinitroaniline herbicides",
"Dinobuton","C18721"
"Dinocton 6","C18922"
"Dinoseb","C14302"
"Dinoseb acetate","C19119"
"Dinotefuran","C18509"
"Dinoterb","C18671"
"Dioxacarb","C18953"
"Dioxation","C17877"
"Diphenadione","C18698"
"Diphenamid","C18722"
"Diphenyl ether herbicide",
"Diphenyl ether herbicides",
"Dipropetryn","C19101"
"Diquat","C18577"
"Disul","C19071"
"Disulfoton","C18400"
"Ditalimfos","C18925"
"Dithianon","C18574"
"Dithiocarbamate fungicides",
"Dithiopyr","C18826"
"Diuron","C18428"
"Dixanthogen","C19120"
"DNOC","C18653"
"Dodemorph","C18786"
"Dodine","C18723"
"Drazoxolon","C18929"
"Echlomezole","C18460"
"Edifenphos","C14436"
"Eglinazine","C19102"
"Empenthrin","C18524"
"Endosulfan","C11090"
"Endothal-disodium","C18724"
"Endothion","C18982"
"Endrin","C18124"
"Enilconazole","C18739"
"EPN","C14434"
"EPTC","C11081"
"Erbon","C19072"
"Esfenvalerate","C18147"
"Esprocarb","C14526"
"Etacelasil","C19131"
"Etaconazole","C11293"
"Ethalfluralin","C18827"
"Ethephon","C18399"
"Ethidimuron","C19092"
"Ethiofencarb","C18649"
"Ethiolate","C19095"
"Ethion","C18725"
"Ethiprole","C18552"
"Ethirimol","C18828"
"Ethoate-methyl","C18983"
"Ethofumesate","C18829"
"Ethohexadiol","C14271"
"Ethoprophos","C18687"
"Ethoxysulfuron","C18440"
"Ethychlozate","C18532"
"Ethyl 3-(N-butylacetamido)propionate","C18830"
"Etobenzanid","C18500"
"Etofenprox","C18410"
"Etoxazole","C18495"
"Etrimfos","C18985"
"Famoxadone","C18591"
"Famphur","C18658"
"Fenaminosulf","C18937"
"Fenamiphos","C18659"
"Fenarimol","C11226"
"Fenazaflor","C19029"
"Fenazaquin","C18727"
"Fenbuconazole","C18461"
"Fenbutatin oxide","C15435"
"Fenchlorazole-ethyl","C18831"
"Fenchlorphos","C18986"
"Fenclorim","C18832"
"Fenfuram","C18833"
"Fenhexamid","C18593"
"Fenitropan","C18938"
"Fenitrothion","C14442"
"Fenobucarb","C14425"
"Fenoprop","C14532"
"Fenothiocarb","C11084"
"Fenoxanil","C18519"
"Fenoxaprop-ethyl","C11024"
"Fenoxycarb","C11078"
"Fenpiclonil","C14268"
"Fenpropathrin","C18411"
"Fenpropidin","C18726"
"Fenpropimorph","C18787"
"Fenpyroximate","C11098"
"Fenson","C19030"
"Fensulfothion","C14510"
"Fenthiaprop","C19121"
"Fenthion","C14420"
"Fentin acetate","C18728"
"Fentin hydroxide","C18729"
"Fentrazamide","C18501"
"Fenuron","C11224"
"Fenuron-TCA","C19077"
"Fenvalerate","C10988"
"Ferbam","C11223"
"Ferimzone","C18579"
"Fipronil","C11099"
"Flamprop","C19052"
"Flamprop-M","C18788"
"Flazasulfuron","C18441"
"Flocoumafen","C18696"
"Flonicamid","C18463"
"Florasulam","C18850"
"Fluacrypyrim","C18595"
"Fluazifop","C18527"
"Fluazinam","C18578"
"Flubendiamide","C18520"
"Flubenzimine","C19041"
"Flucarbazone-sodium","C18851"
"Flucetosulfuron","C18429"
"Fluchloralin","C18730"
"Flucythrinate","C14524"
"Fludioxonil","C18462"
"Fluenetil","C19031"
"Flufenacet","C18731"
"Flufenoxuron","C18430"
"Flumetralin","C18849"
"Flumetsulam","C18852"
"Fluometuron","C18853"
"Fluopicolide","C18464"
"Fluoroacetamide","C18675"
"Fluorodifen","C11064"
"Fluoroglycofen","C18732"
"Fluoroimide","C18551"
"Fluoromidine","C18920"
"Fluotrimazole","C18939"
"Flupoxam","C18543"
"Flupropanate","C18854"
"Flupyrsulfuron-methyl sodium","C18855"
"Flurecol","C18856"
"Fluridone","C18857"
"Flurochloridone","C11100"
"Fluroxypyr","C18858"
"Flurprimidol","C18465"
"Flusilazole","C18733"
"Flusulfamide","C18521"
"Fluthiacet","C18859"
"Fluthiacet-methyl","C10908"
"Flutolanil","C18502"
"Flutriafol","C18734"
"Fluvalinate","C10989"
"Fluxofenim","C18735"
"Folpet","C18860"
"Fomesafen","C18736"
"Fonofos","C18987"
"Forchlorfenuron","C18604"
"Formetanate","C18668"
"Formothion","C18988"
"Fosamine","C18789"
"Fosetyl","C18401"
"Fosmethilan","C18989"
"Fosthiazate","C18402"
"Fosthietan","C18999"
"Fuberidazole","C18737"
"Fumigant",
"Fumigants",
"Fungicides",
"Fungicides",
"Furalaxyl","C10941"
"Furametpyr","C18503"
"Furathiocarb","C18650"
"Furconazole-cis","C18919"
"Furmecyclox","C18912"
"Gibberellin A3","C01699"
"Glufosinate","C05042"
"Glyphosate","C01705"
"Glyphosate-isopropylammonium","C18564"
"Glyphosate-monoammonium","C18565"
"Glyphosine","C19132"
"Griseofulvin","C06686"
"Growth inhibitors / retardants",
"Growth inhibitors / retardants",
"Growth stimulators",
"Halacrinate","C18941"
"Halofenozide","C18791"
"Halosulfuron-methyl","C18442"
"Haloxydine","C19091"
"Haloxyfop","C04871"
"Heptachlor","C14185"
"Heptenophos","C18660"
"Heptopargil","C19134"
"Herbicides",
"Herbicides",
"Hexachloroacetone","C19122"
"Hexachlorobenzene","C11042"
"Hexaconazole","C18466"
"Hexaflumuron","C18861"
"Hexaflurate","C19055"
"Hexazinone","C10926"
"Hexythiazox","C18467"
"Hydramethylnon","C10994"
"Hydroprene","C18862"
"Hymexazol","C11103"
"Imazamox","C18598"
"Imazapyr","C18864"
"Imazaquin","C05076"
"Imazethapyr","C18865"
"Imazosulfuron","C18443"
"Imibenconazole","C18468"
"Imicyafos","C18469"
"Imidacloprid","C11110"
"Imidazolinone herbicides",
"Iminoctadine acetate","C18568"
"Inabenfide","C10942"
"Indanofan","C18470"
"Indole-3-acetate","C00954"
"Indoxacarb","C18569"
"Inorganic fungicides",
"Inorganic herbicides",
"Inorganic rodenticides",
"Insect growth regulators",
"Insect growth regulators",
"Insect repellents",
"Insect repellents",
"Insecticides",
"Insecticides",
"Iodofenphos","C19002"
"Iodosulfuron-methyl-sodium","C18431"
"Ioxynil","C18546"
"Ioxynil octanoate","C18740"
"Ipazine","C19103"
"Ipconazole","C18471"
"Iprobenfos","C15230"
"Iprodione","C11208"
"Iprovalicarb","C18866"
"IPSP","C19000"
"Isazofos","C19001"
"Isobenzan","C18960"
"Isocarbamid","C19047"
"Isocil","C19108"
"Isodrin","C18961"
"Isofenphos","C11002"
"Isomethiozin","C19107"
"Isonoruron","C19110"
"Isoprocarb","C18418"
"Isopropalin","C19063"
"Isoprothiolane","C11111"
"Isoproturon","C11005"
"Isouron","C18432"
"Isoxaben","C18504"
"Isoxapyrifop","C19073"
"Isoxathion","C14580"
"Juvenile hormone mimics",
"Juvenile hormone mimics",
"Karbutilate","C18433"
"Kasugamycin","C17968"
"Kelevan","C18962"
"Kinoprene","C19042"
"Kresoxim-methyl","C11017"
"Lead arsenate","C18648"
"Lenacil","C11200"
"Leptophos","C19003"
"Lindane","C07075"
"Linuron","C11007"
"Lufenuron","C18434"
"Lythidathion","C19004"
"Malathion","C07497"
"Maleic hydrazide","C18474"
"Malonoben","C19039"
"Mandipropamid","C18522"
"Maneb","C15231"
"Manzeb","C15225"
"MCPA","C18528"
"MCPA-thioethyl","C18741"
"Mebenil","C18913"
"Mecarbam","C18661"
"Mecarbinzid","C18942"
"Mecarphon","C19005"
"Mecoprop","C18742"
"Mecoprop-P","C18608"
"Medinoterb acetate","C19068"
"Mefenacet","C14525"
"Mefluidide","C18743"
"Menazon","C19006"
"Mepanipyrim","C10919"
"Mephosfolan","C19007"
"Mepiquat chloride","C18475"
"Mepronil","C18548"
"Mercuric chloride","C13377"
"Mercuric oxide","C18670"
"Metaflumizone","C18523"
"Metalaxyl-M","C18626"
"Metaldehyde","C18744"
"Metam-sodium","C18424"
"Metamitron","C10930"
"Metazachlor","C10948"
"Metconazole","C18476"
"Methabenzthiazuron","C10909"
"Methacrifos","C18745"
"Methamidophos","C18667"
"Methasulfocarb","C18746"
"Methazole","C19123"
"Methidathion","C14431"
"Methiocarb","C18651"
"Methiuron","C19086"
"Methomyl","C11196"
"Methoprene","C14308"
"Methoprotryne","C19104"
"Methoxychlor","C11043"
"Methoxyfenozide","C18525"
"Methoxyphenone","C19124"
"Methyl bromide","C18447"
"Methyl iodide","C18448"
"Methyl isothiocyanate","C18587"
"Methylarsonate","C07294"
"Methyldymron","C18792"
"Metiram","C18144"
"Metobromuron","C18793"
"Metolachlor","C10953"
"Metolcarb","C18747"
"Metominostrobin","C18559"
"Metosulam","C18867"
"Metoxuron","C11011"
"Metribuzin","C14332"
"Metrifonate","C07971"
"Metsulfovax","C18934"
"Metsulfuron-methyl","C10946"
"Mevinphos","C18688"
"MGK 264","C18795"
"Milbemectin","C18557"
"Mipafox","C19008"
"Mirex","C14184"
"Mite growth regulators",
"Mite growth regulators",
"Molinate","C11086"
"Molluscacide",
"Molluscacide",
"Monalide","C19053"
"Monocrotophos","C18663"
"Monolinuron","C18794"
"Monuron","C19087"
"Monuron-TCA","C19088"
"Morfamquat","C11194"
"Morpholine fungicides",
"Moulting hormone agonists",
"Myclobutanil","C18477"
"Myclozolin","C18921"
"N,N-Diethyl-m-toluamide","C10935"
"N6-(delta2-Isopentenyl)-adenine","C04083"
"Nabam","C18748"
"Naled","C18749"
"Naphthalene","C00829"
"Naphthalic anhydride","C19125"
"Napropamide","C18868"
"Naptalam","C18869"
"Natamycin","C08073"
"Neburon","C11188"
"Nematicides",
"Nematicides",
"Neonicotinoid insecticides",
"Nereistoxin insecticides",
"Nicosulfuron","C10949"
"Nicotine","C00745"
"Nitenpyram","C18511"
"Nitralin","C19064"
"Nitrapyrin","C18751"
"Nitrilacarb","C18954"
"Nitrile herbicides",
"Nitrofen","C11065"
"Nitrophenol herbicides",
"Nitrophenol herbicides",
"Nitrothal-isopropyl","C18873"
"Norbormide","C19139"
"Norflurazon","C18874"
"Noruron","C19111"
"Novaluron","C18875"
"Noviflumuron","C18876"
"Nuarimol","C11185"
"Octhilinone","C18752"
"Ofurace","C18800"
"Omethoate","C18662"
"Organochlorine fungicides",
"Organochlorine insecticides",
"Organochlorine insecticides",
"Organofluorine rodenticides",
"Organophosphorus fungicides",
"Organophosphorus fungicides",
"Organophosphorus herbicides",
"Organophosphorus insecticides",
"Organophosphorus insecticides",
"Organotin fungicides",
"Orysastrobin","C18560"
"Oryzalin","C18877"
"Others",
"Others",
"Others",
"Others",
"Others",
"Others",
"Others",
"Others",
"Others",
"Others",
"Others",
"Others",
"Oxabetrinil","C18878"
"Oxadiazon","C18496"
"Oxadixyl","C18753"
"Oxamyl","C18419"
"Oxapyrazon","C19126"
"Oxaziclomefone","C18571"
"Oxine-copper","C18879"
"Oxolinic acid","C11342"
"Oxpoconazole fumarate","C18572"
"Oxycarboxin","C10956"
"Oxydemeton-methyl","C18664"
"Oxydeprofos","C18984"
"Oxydisulfoton","C19009"
"Oxyfluorfen","C18881"
"Oxytetracycline","C06624"
"Paclobutrazol","C18479"
"Parafluron","C19089"
"Paraquat","C14701"
"Parathion","C06604"
"Parathion-methyl","C14228"
"Pebulate","C18755"
"Pefurazoate","C18480"
"Penconazole","C18801"
"Pencycuron","C11012"
"Pendimethalin","C11019"
"Penoxsulam","C18481"
"Pentachlorophenol","C02575"
"Pentanochlor","C18882"
"Penthiopyrad","C18482"
"Pentoxazone","C18592"
"Perfluidone","C19054"
"Permethrin","C14388"
"Phenisopham","C19061"
"Phenkapton","C19010"
"Phenmedipham","C18420"
"Phenobenzuron","C19090"
"Phenothrin","C14387"
"Phenoxy herbicides",
"Phenoxy herbicides",
"Phenthoate","C14429"
"Phenylmercury acetate","C11151"
"Phenylurea herbicides",
"Phenylurea herbicides",
"Phorate","C18690"
"Phosacetim","C19140"
"Phosalone","C11028"
"Phosdiphen","C18926"
"Phosfolan","C19011"
"Phosmet","C18756"
"Phosphamidon","C18689"
"Phosphonate","C06701"
"Phosphoramido insecticides",
"Phoxim","C18757"
"Phthalide","C18611"
"Picloram","C14310"
"Pindone","C19141"
"Piperonyl butoxide","C18880"
"Piperonyl sulfoxide","C19147"
"Piperophos","C18758"
"Piproctanyl","C19133"
"Pirimicarb","C11079"
"Pirimiphos-ethyl","C19012"
"Pirimiphos-methyl","C18403"
"Plant growth regulators",
"Plant growth regulators",
"Potassium cyanate","C19067"
"Prallethrin","C18510"
"Pretilachlor","C14517"
"Primisulfuron","C18883"
"Probenazole","C18483"
"Prochloraz","C11182"
"Procymidone","C10986"
"Prodiamine","C18884"
"Profenofos","C18404"
"Profluralin","C19065"
"Proglinazine","C19105"
"Prohydrojasmon","C18538"
"Promacyl","C18955"
"Promecarb","C18956"
"Prometon","C14186"
"Prometryn","C18542"
"Propachlor","C18759"
"Propamocarb","C18885"
"Propamocarb hydrochloride","C18421"
"Propanil","C14229"
"Propaphos","C19013"
"Propaquizafop","C18886"
"Propargite","C18602"
"Propazine","C14312"
"Propetamphos","C18669"
"Propham","C18887"
"Propiconazole","C11121"
"Propineb","C18450"
"Propoxur","C14334"
"Propyl isome","C19145"
"Propyzamide","C14333"
"Prosulfocarb","C18760"
"Prothiocarb","C18943"
"Prothioconazole","C18888"
"Prothiofos","C18405"
"Prothoate","C19014"
"Proxan","C19127"
"Pydanon","C19128"
"Pymetrozine","C18590"
"Pyracarbolid","C18914"
"Pyraclofos","C18406"
"Pyraclonil","C18613"
"Pyraclostrobin","C18561"
"Pyraflufen-ethyl","C18554"
"Pyrazolate","C11123"
"Pyrazole herbicides",
"Pyrazole insecticides",
"Pyrazophos","C18761"
"Pyrazosulfuron","C18889"
"Pyrazosulfuron-ethyl","C18444"
"Pyrazoxyfen","C18556"
"Pyrethroid insecticides",
"Pyribencarb","C22042"
"Pyribencarb","C22042"
"Pyribencarb","C22042"
"Pyributicarb","C18422"
"Pyridaben","C18614"
"Pyridafenthion","C18762"
"Pyridalyl","C18484"
"Pyridate","C18803"
"Pyridine fungicides",
"Pyridine fungicides",
"Pyridine herbicides",
"Pyridinitril","C18931"
"Pyrifenox","C18804"
"Pyriftalid","C18485"
"Pyrimethanil","C11180"
"Pyrimidifen","C18603"
"Pyrimidine fungicides",
"Pyrimidine fungicides",
"Pyriminobac","C18890"
"Pyriminobac-methyl","C18486"
"Pyriproxyfen","C18605"
"Pyrithiobac-sodium","C18805"
"Pyroquilon","C18487"
"Quinacetol sulfate","C18944"
"Quinalphos","C11030"
"Quinclorac","C18806"
"Quinmerac","C18891"
"Quinoclamin","C18584"
"Quinonamid","C19048"
"Quinone fungicides",
"Quinoxaline","C18575"
"Quinoxyfen","C18892"
"Quintozene","C14338"
"Quizalofop","C18763"
"Quizalofop-ethyl","C18530"
"Quizalofop-P-tefuryl","C18764"
"Resmethrin","C10991"
"Rimsulfuron","C10952"
"Rodenticides",
"Rodenticides",
"Rotenone","C07593"
"Ryanodine","C08705"
"S-Seven","C19148"
"Salithion","C18981"
"Schradan","C19015"
"Scilliroside","C08880"
"Secbumeton","C19106"
"Sesamex","C19146"
"Sethoxydim","C18539"
"Siduron","C18435"
"Silafluofen","C18412"
"Simazine","C11172"
"Simeconazole","C18544"
"Simetryn","C14457"
"Sodium arsenite","C11906"
"Sodium chlorate","C18765"
"Sodium fluoride","C08142"
"Sodium fluoroacetate","C18588"
"Sodium hexafluorosilicate","C19040"
"Spinetoram","C18894"
"Spirodiclofen","C18553"
"Spiromesifen","C18488"
"Spirotetramat","C18807"
"Spiroxamine","C11124"
"Streptomycin","C00413"
"Strobilurin fungicides",
"Strychnine","C06522"
"Sulfallate","C19096"
"Sulfluramid","C18766"
"Sulfometuron","C18895"
"Sulfonylurea herbicides",
"Sulfotep","C18691"
"Sulfur","C00087"
"Sulprofos","C19016"
"SWEP","C19062"
"Synergist",
"Synergists",
"tau-Fluvalinate","C18790"
"TCA","C11150"
"TCA-ethadyl","C19149"
"TCA-sodium","C18808"
"Tebuconazole","C18489"
"Tebufenozide","C18526"
"Tebufenpyrad","C11126"
"Tebupirimfos","C18692"
"Tebutam","C18896"
"Tebuthiuron","C18436"
"Tecnazene","C18897"
"Teflubenzuron","C18437"
"Tefluthrin","C10992"
"Temefos","C18809"
"TEPP","C19017"
"Tepraloxydim","C18540"
"Terbacil","C10963"
"Terbucarb","C19129"
"Terbufos","C18693"
"Terbumeton","C18768"
"Terbuthylazine","C18810"
"Terbutryn","C18811"
"Tetrachlorvinphos","C14513"
"Tetraconazole","C18490"
"Tetradifon","C18451"
"Tetramethrin","C18373"
"Tetrasul","C19032"
"Thallium sulfate","C18567"
"Thenylchlor","C10959"
"Thiabendazole","C07131"
"Thiacloprid","C18512"
"Thiadiazin","C18628"
"Thiamethoxam","C18513"
"Thiazafluron","C19093"
"Thiazole fungicides",
"Thicyofen","C18945"
"Thidiazuron","C18812"
"Thifensulfuron-methyl","C10957"
"Thifluzamide","C18505"
"Thiobencarb","C14428"
"Thiocarbamate herbicides",
"Thiocarbamate herbicides",
"Thiocyclam","C11473"
"Thiodicarb","C18423"
"Thiofanox","C18652"
"Thiometon","C18665"
"Thionazin","C19036"
"Thiophanate","C18918"
"Thiophanate-methyl","C14432"
"Thioquinox","C18946"
"Thiram","C11160"
"Tiadinil","C18550"
"Tiocarbazil","C18898"
"Tolclofos-methyl","C18407"
"Tolfenpyrad","C18491"
"Tolylfluanid","C18899"
"Toxaphene","C15470"
"Tralkoxydim","C18769"
"Tralomethrin","C18413"
"Transfluthrin","C13410"
"Tri-allate","C18813"
"Triadimefon","C11156"
"Triadimenol","C11127"
"Triamiphos","C18927"
"Triapenthenol","C19135"
"Triarimol","C18932"
"Triasulfuron","C10961"
"Triazamate","C18770"
"Triazine herbicides",
"Triazine herbicides",
"Triazinone herbicides",
"Triazophos","C18657"
"Tribenuron","C18900"
"Tributyltin oxide","C18149"
"Tricamba","C19057"
"Trichlamide","C18916"
"Trichlopyr","C11032"
"Trichloronat","C19018"
"Tricyclazole","C18492"
"Tridiphane","C19130"
"Trietazine","C18814"
"Trifenmorph","C19144"
"Trifloxystrobin","C18562"
"Triflumizole","C18493"
"Triflumuron","C18615"
"Trifluralin","C14343"
"Triflusulfuron-methyl","C18901"
"Triforine","C10960"
"Trinexapac-ethyl","C18541"
"Triticonazole","C18815"
"Uniconazole P","C18494"
"Uracil herbicides",
"Urea herbicides",
"Urea herbicides",
"Validamycin A","C12112"
"Vamidothion","C18666"
"Vernolate","C19097"
"Vinclozolin","C10981"
"Warfarin","C01541"
"XMC","C18771"
"Xylylcarb","C14579"
"Zinc phosphide","C18674"
"Zineb","C15232"
"Ziram","C15229"
"Zoxamide","C18903"